airline,date_of_journey,source,destination,dep_time,arrival_time,duration,total_stops,additional_info,price
Goair,2019-04-27,Delhi,Cochin,10:35:00,19:35:00,540,1.0,No Info,6922
Goair,2019-04-21,Delhi,Cochin,07:00:00,12:55:00,355,1.0,No Info,6591
Air India,2019-06-24,Delhi,Cochin,22:00:00,19:15:00,1275,2.0,No Info,9181
Jet Airways,2019-03-01,Banglore,New Delhi,22:50:00,19:10:00,1220,1.0,No Info,25735
Indigo,2019-06-24,Delhi,Cochin,05:05:00,12:10:00,425,1.0,No Info,6442
Jet Airways,2019-03-01,Banglore,New Delhi,07:00:00,12:25:00,325,1.0,No Info,26890
Jet Airways,2019-03-06,Banglore,New Delhi,11:40:00,08:15:00,1235,1.0,No Info,16736
Multiple Carriers,2019-03-03,Delhi,Cochin,13:00:00,01:35:00,755,1.0,No Info,18286
Spicejet,2019-03-06,Kolkata,Banglore,17:15:00,19:45:00,150,0.0,No Info,4622
Jet Airways,2019-04-01,Kolkata,Banglore,14:05:00,20:45:00,400,1.0,No Info,13364
Multiple Carriers,2019-06-15,Delhi,Cochin,07:30:00,19:00:00,690,1.0,No Info,10877
Air India,2019-03-09,Delhi,Cochin,19:45:00,19:15:00,1410,2.0,No Info,11701
Vistara,2019-06-12,Banglore,Delhi,17:00:00,19:35:00,155,0.0,No Info,4878
Air India,2019-04-06,Delhi,Cochin,17:40:00,23:00:00,320,1.0,No Info,5232
Jet Airways,2019-03-24,Kolkata,Banglore,13:55:00,23:25:00,570,1.0,In-flight meal not included,11134
Indigo,2019-03-03,Delhi,Cochin,18:35:00,01:35:00,420,1.0,No Info,14871
Air India,2019-06-09,Delhi,Cochin,17:15:00,19:15:00,1560,2.0,No Info,12199
Air India,2019-05-12,Chennai,Kolkata,11:40:00,13:55:00,135,0.0,No Info,4667
Jet Airways,2019-05-27,Mumbai,Hyderabad,10:20:00,11:50:00,90,0.0,No Info,8040
Spicejet,2019-03-15,Chennai,Kolkata,17:45:00,20:05:00,140,0.0,No Info,6300
Jet Airways,2019-06-09,Delhi,Cochin,21:50:00,19:00:00,1270,1.0,No Info,14714
Air India,2019-03-21,Delhi,Cochin,13:00:00,19:15:00,375,1.0,No Info,7934
Air India,2019-05-27,Delhi,Cochin,12:20:00,19:15:00,1855,2.0,No Info,12488
Jet Airways,2019-03-27,Delhi,Cochin,13:00:00,04:25:00,925,1.0,In-flight meal not included,6960
Vistara,2019-03-03,Delhi,Cochin,06:00:00,09:10:00,190,0.0,No Info,8001
Jet Airways,2019-04-24,Banglore,Delhi,18:55:00,22:00:00,185,0.0,In-flight meal not included,4544
Jet Airways,2019-03-21,Delhi,Cochin,18:25:00,18:50:00,1465,2.0,No Info,12347
Jet Airways,2019-06-12,Delhi,Cochin,09:40:00,12:35:00,1615,2.0,In-flight meal not included,10368
Jet Airways,2019-03-01,Banglore,New Delhi,11:40:00,09:00:00,1280,1.0,No Info,20800
Multiple Carriers,2019-06-24,Delhi,Cochin,07:00:00,21:00:00,840,1.0,No Info,7618
Jet Airways,2019-06-03,Delhi,Cochin,19:15:00,19:00:00,1425,1.0,No Info,14714
Jet Airways,2019-04-09,Banglore,Delhi,15:50:00,18:45:00,175,0.0,No Info,7229
Jet Airways,2019-06-12,Kolkata,Banglore,20:00:00,16:20:00,1220,1.0,In-flight meal not included,8529
Jet Airways,2019-06-15,Delhi,Cochin,05:30:00,19:00:00,810,2.0,In-flight meal not included,11507
Air India,2019-06-12,Kolkata,Banglore,09:10:00,13:15:00,245,1.0,No Info,8996
Jet Airways,2019-03-18,Mumbai,Hyderabad,10:20:00,11:50:00,90,0.0,No Info,8040
Jet Airways,2019-06-03,Delhi,Cochin,16:00:00,12:35:00,1235,1.0,In-flight meal not included,10262
Jet Airways,2019-05-12,Kolkata,Banglore,21:10:00,16:20:00,1150,1.0,In-flight meal not included,10844
Jet Airways,2019-06-01,Mumbai,Hyderabad,02:55:00,04:20:00,85,0.0,No Info,5678
Multiple Carriers,2019-06-12,Delhi,Cochin,07:05:00,22:30:00,925,1.0,No Info,9646
Spicejet,2019-05-27,Mumbai,Hyderabad,22:45:00,00:15:00,90,0.0,No Info,2017
Goair,2019-06-27,Banglore,Delhi,07:45:00,10:40:00,175,0.0,No Info,3419
Goair,2019-06-09,Kolkata,Banglore,06:40:00,14:35:00,475,1.0,No Info,3673
Jet Airways,2019-05-01,Kolkata,Banglore,08:25:00,16:20:00,475,1.0,In-flight meal not included,10844
Indigo,2019-06-24,Delhi,Cochin,08:30:00,21:00:00,750,1.0,No Info,6093
Air India,2019-05-24,Kolkata,Banglore,12:00:00,21:50:00,590,2.0,No Info,9941
Air Asia,2019-06-12,Kolkata,Banglore,06:50:00,10:30:00,220,1.0,No Info,5162
Jet Airways,2019-06-27,Delhi,Cochin,19:10:00,12:35:00,1045,2.0,In-flight meal not included,11150
Jet Airways,2019-06-09,Banglore,Delhi,11:10:00,14:05:00,175,0.0,In-flight meal not included,7229
Jet Airways,2019-05-18,Kolkata,Banglore,20:00:00,08:15:00,735,1.0,No Info,13941
Spicejet,2019-03-09,Kolkata,Banglore,09:00:00,11:30:00,150,0.0,No Info,5515
Multiple Carriers,2019-06-01,Delhi,Cochin,12:50:00,19:15:00,385,1.0,No Info,9526
Air Asia,2019-04-12,Kolkata,Banglore,19:55:00,22:25:00,150,0.0,No Info,4409
Jet Airways,2019-03-09,Banglore,New Delhi,08:00:00,21:20:00,800,1.0,In-flight meal not included,11087
Air India,2019-05-01,Kolkata,Banglore,19:00:00,11:05:00,965,1.0,No Info,6117
Air Asia,2019-03-12,Kolkata,Banglore,22:50:00,01:20:00,150,0.0,No Info,4082
Air Asia,2019-04-27,Delhi,Cochin,16:45:00,22:25:00,340,1.0,No Info,6451
Jet Airways,2019-06-03,Mumbai,Hyderabad,10:20:00,11:50:00,90,0.0,No Info,8040
Air Asia,2019-03-09,Banglore,New Delhi,05:50:00,08:40:00,170,0.0,No Info,7652
Jet Airways,2019-06-09,Kolkata,Banglore,21:10:00,18:15:00,1265,1.0,In-flight meal not included,10844
Indigo,2019-05-21,Delhi,Cochin,08:35:00,18:10:00,575,1.0,No Info,6442
Spicejet,2019-04-12,Banglore,Delhi,05:55:00,08:35:00,160,0.0,No Info,4423
Vistara,2019-04-01,Banglore,Delhi,09:45:00,12:35:00,170,0.0,No Info,5403
Spicejet,2019-06-06,Kolkata,Banglore,15:55:00,21:25:00,330,1.0,No Info,8224
Jet Airways,2019-03-06,Delhi,Cochin,11:30:00,18:50:00,440,1.0,In-flight meal not included,15400
Air India,2019-06-12,Kolkata,Banglore,12:00:00,21:50:00,590,2.0,No Info,9416
Jet Airways,2019-03-06,Banglore,New Delhi,08:00:00,18:25:00,625,1.0,No Info,16736
Vistara,2019-06-21,Chennai,Kolkata,17:45:00,20:05:00,140,0.0,No Info,11982
Jet Airways,2019-06-06,Kolkata,Banglore,14:05:00,04:40:00,875,1.0,No Info,13059
Indigo,2019-05-15,Kolkata,Banglore,15:15:00,20:05:00,290,1.0,No Info,5380
Indigo,2019-06-06,Delhi,Cochin,10:35:00,01:30:00,895,1.0,No Info,5883
Jet Airways,2019-06-18,Banglore,Delhi,11:10:00,14:05:00,175,0.0,In-flight meal not included,5769
Multiple Carriers,2019-06-15,Delhi,Cochin,10:35:00,19:15:00,520,1.0,No Info,8614
Vistara,2019-03-24,Banglore,New Delhi,21:10:00,00:05:00,175,0.0,No Info,6558
Air India,2019-06-09,Kolkata,Banglore,05:50:00,08:55:00,1625,2.0,No Info,12723
Indigo,2019-05-01,Kolkata,Banglore,04:40:00,07:15:00,155,0.0,No Info,4804
Indigo,2019-03-06,Delhi,Cochin,06:40:00,13:20:00,400,1.0,No Info,14871
Air India,2019-03-09,Kolkata,Banglore,14:15:00,16:45:00,150,0.0,No Info,4960
Multiple Carriers,2019-05-09,Delhi,Cochin,15:00:00,01:30:00,630,1.0,No Info,15078
Air India,2019-06-27,Delhi,Cochin,08:00:00,19:15:00,675,1.0,No Info,8372
Jet Airways,2019-03-03,Delhi,Cochin,11:30:00,18:50:00,440,1.0,No Info,18550
Air India,2019-03-27,Delhi,Cochin,16:40:00,19:15:00,1595,2.0,No Info,8656
Jet Airways,2019-04-01,Kolkata,Banglore,08:25:00,22:35:00,850,1.0,In-flight meal not included,7064
Air India,2019-03-21,Chennai,Kolkata,11:40:00,13:55:00,135,0.0,No Info,3670
Air India,2019-03-09,Delhi,Cochin,06:10:00,23:00:00,1010,1.0,No Info,9064
Air India,2019-04-01,Kolkata,Banglore,12:00:00,11:10:00,1390,2.0,No Info,9258
Jet Airways,2019-06-12,Kolkata,Banglore,20:00:00,09:20:00,800,1.0,In-flight meal not included,8529
Jet Airways,2019-04-18,Delhi,Cochin,11:00:00,14:15:00,195,0.0,No Info,9564
Multiple Carriers,2019-03-21,Delhi,Cochin,07:05:00,15:30:00,505,1.0,No Info,14486
Jet Airways,2019-05-12,Kolkata,Banglore,17:00:00,21:05:00,1685,1.0,No Info,12121
Jet Airways,2019-03-09,Delhi,Cochin,06:50:00,19:45:00,775,1.0,No Info,16289
Spicejet,2019-03-24,Banglore,New Delhi,20:30:00,23:20:00,170,0.0,No Info,5575
Multiple Carriers,2019-03-27,Delhi,Cochin,08:25:00,19:15:00,650,1.0,No Info,8601
Multiple Carriers,2019-06-15,Delhi,Cochin,07:10:00,22:30:00,920,1.0,In-flight meal not included,6093
Indigo,2019-03-21,Delhi,Cochin,05:05:00,10:05:00,300,1.0,No Info,6893
Indigo,2019-05-21,Kolkata,Banglore,17:35:00,22:15:00,280,1.0,No Info,5386
Air India,2019-06-01,Delhi,Cochin,21:00:00,19:15:00,1335,1.0,No Info,8582
Spicejet,2019-03-18,Chennai,Kolkata,08:20:00,10:35:00,135,0.0,No Info,3859
Indigo,2019-05-24,Kolkata,Banglore,21:00:00,02:15:00,315,1.0,No Info,6534
Air Asia,2019-04-03,Banglore,Delhi,04:55:00,07:45:00,170,0.0,No Info,4282
Jet Airways,2019-06-15,Delhi,Cochin,05:30:00,19:00:00,810,2.0,In-flight meal not included,10368
Multiple Carriers,2019-05-15,Delhi,Cochin,11:30:00,01:30:00,840,1.0,No Info,13727
Jet Airways,2019-05-18,Kolkata,Banglore,18:55:00,09:20:00,865,1.0,In-flight meal not included,9663
Jet Airways,2019-03-27,Delhi,Cochin,19:10:00,19:45:00,1475,2.0,In-flight meal not included,8882
Air India,2019-04-01,Kolkata,Banglore,16:45:00,12:00:00,1155,2.0,No Info,9920
Jet Airways,2019-05-21,Delhi,Cochin,09:35:00,12:35:00,1620,2.0,In-flight meal not included,12719
Jet Airways,2019-05-21,Delhi,Cochin,05:30:00,04:25:00,1375,2.0,No Info,15129
Jet Airways,2019-06-09,Delhi,Cochin,11:30:00,12:35:00,1505,1.0,In-flight meal not included,10262
Air Asia,2019-06-15,Banglore,Delhi,04:55:00,07:45:00,170,0.0,No Info,4282
Multiple Carriers,2019-05-24,Delhi,Cochin,14:55:00,22:30:00,455,1.0,No Info,7740
Jet Airways,2019-03-06,Delhi,Cochin,17:30:00,19:45:00,1575,1.0,No Info,17024
Jet Airways,2019-05-21,Kolkata,Banglore,18:55:00,16:20:00,1285,1.0,In-flight meal not included,10844
Vistara,2019-04-06,Banglore,Delhi,19:30:00,22:15:00,165,0.0,No Info,5613
Spicejet,2019-06-01,Mumbai,Hyderabad,22:45:00,00:15:00,90,0.0,No check-in baggage included,1965
Jet Airways,2019-03-09,Delhi,Cochin,05:40:00,04:25:00,1365,2.0,In-flight meal not included,13764
Air India,2019-03-12,Mumbai,Hyderabad,19:40:00,09:10:00,810,1.0,No Info,10208
Indigo,2019-06-12,Delhi,Cochin,14:20:00,22:30:00,490,1.0,No Info,6938
Spicejet,2019-04-18,Kolkata,Banglore,09:00:00,11:25:00,145,0.0,No check-in baggage included,3841
Air Asia,2019-06-21,Banglore,Delhi,11:10:00,13:55:00,165,0.0,No Info,3383
Indigo,2019-04-03,Kolkata,Banglore,06:15:00,10:30:00,255,1.0,No Info,4226
Jet Airways,2019-03-24,Kolkata,Banglore,16:55:00,12:00:00,1145,1.0,In-flight meal not included,11134
Multiple Carriers,2019-03-21,Delhi,Cochin,09:45:00,21:20:00,695,2.0,No Info,7178
Jet Airways,2019-03-12,Banglore,New Delhi,20:35:00,18:25:00,1310,1.0,In-flight meal not included,11087
Jet Airways,2019-06-03,Delhi,Cochin,15:00:00,04:25:00,805,1.0,No Info,14714
Jet Airways,2019-06-03,Mumbai,Hyderabad,07:05:00,08:30:00,85,0.0,No Info,8040
Jet Airways,2019-05-09,Kolkata,Banglore,08:25:00,20:45:00,740,1.0,No Info,14781
Multiple Carriers,2019-05-18,Delhi,Cochin,15:00:00,01:30:00,630,1.0,No Info,13727
Jet Airways,2019-05-01,Mumbai,Hyderabad,19:35:00,21:05:00,90,0.0,No Info,5678
Air Asia,2019-06-03,Banglore,Delhi,04:55:00,07:45:00,170,0.0,No Info,4282
Indigo,2019-06-24,Delhi,Cochin,05:35:00,08:50:00,195,0.0,No Info,5000
Air India,2019-03-21,Delhi,Cochin,09:45:00,09:25:00,1420,1.0,No Info,7532
Jet Airways,2019-06-03,Delhi,Cochin,08:00:00,19:00:00,660,1.0,No Info,14924
Jet Airways,2019-06-15,Delhi,Cochin,09:35:00,04:25:00,1130,2.0,In-flight meal not included,11507
Jet Airways,2019-05-21,Kolkata,Banglore,20:00:00,18:15:00,1335,1.0,In-flight meal not included,10844
Air India,2019-04-03,Delhi,Cochin,20:30:00,23:00:00,1590,1.0,No Info,5022
Indigo,2019-06-12,Delhi,Cochin,10:35:00,01:30:00,895,1.0,No Info,5883
Jet Airways,2019-04-15,Banglore,Delhi,17:45:00,20:45:00,180,0.0,In-flight meal not included,4544
Jet Airways,2019-05-24,Kolkata,Banglore,14:05:00,19:50:00,345,1.0,No Info,14571
Indigo,2019-03-12,Chennai,Kolkata,07:55:00,10:15:00,140,0.0,No Info,6297
Jet Airways,2019-06-12,Kolkata,Banglore,14:05:00,18:15:00,1690,1.0,In-flight meal not included,8529
Vistara,2019-06-15,Chennai,Kolkata,07:05:00,09:20:00,135,0.0,No Info,3687
Multiple Carriers,2019-05-15,Delhi,Cochin,07:30:00,19:00:00,690,1.0,No Info,9315
Indigo,2019-05-27,Mumbai,Hyderabad,16:55:00,18:25:00,90,0.0,No Info,3175
Jet Airways,2019-03-24,Kolkata,Banglore,08:25:00,16:20:00,475,1.0,No Info,13759
Indigo,2019-05-12,Kolkata,Banglore,22:15:00,00:50:00,155,0.0,No Info,4804
Spicejet,2019-06-21,Mumbai,Hyderabad,05:45:00,07:15:00,90,0.0,No check-in baggage included,2647
Jet Airways,2019-03-24,Kolkata,Banglore,19:45:00,20:40:00,1495,1.0,In-flight meal not included,10031
Spicejet,2019-04-15,Delhi,Cochin,08:45:00,13:15:00,270,1.0,No check-in baggage included,5726
Jet Airways,2019-03-06,Banglore,New Delhi,08:55:00,09:00:00,1445,1.0,No Info,15025
Air Asia,2019-04-06,Kolkata,Banglore,10:20:00,12:55:00,155,0.0,No Info,3807
Jet Airways,2019-05-21,Kolkata,Banglore,06:30:00,18:15:00,705,1.0,In-flight meal not included,10844
Jet Airways,2019-05-21,Delhi,Cochin,11:30:00,12:35:00,1505,1.0,In-flight meal not included,12898
Indigo,2019-06-21,Chennai,Kolkata,22:05:00,00:25:00,140,0.0,No Info,5277
Jet Airways,2019-05-12,Banglore,Delhi,18:55:00,22:00:00,185,0.0,No Info,7229
Indigo,2019-06-01,Mumbai,Hyderabad,12:00:00,13:30:00,90,0.0,No Info,2754
Spicejet,2019-06-09,Banglore,Delhi,21:10:00,00:05:00,175,0.0,No check-in baggage included,3919
Vistara,2019-06-15,Banglore,Delhi,09:45:00,12:35:00,170,0.0,No Info,4878
Air India,2019-03-06,Delhi,Cochin,20:40:00,09:25:00,765,1.0,No Info,12677
Multiple Carriers,2019-05-09,Delhi,Cochin,09:00:00,21:00:00,720,1.0,No Info,8073
Air India,2019-05-21,Kolkata,Banglore,12:00:00,18:30:00,1830,2.0,No Info,10151
Indigo,2019-06-06,Delhi,Cochin,23:30:00,04:35:00,305,1.0,No Info,10112
Jet Airways,2019-05-18,Kolkata,Banglore,20:25:00,14:25:00,1080,1.0,No Info,13067
Air India,2019-05-15,Delhi,Cochin,12:30:00,09:25:00,1255,1.0,No Info,7480
Jet Airways,2019-03-09,Banglore,New Delhi,21:25:00,07:40:00,615,1.0,In-flight meal not included,7832
Jet Airways,2019-06-24,Delhi,Cochin,18:15:00,12:35:00,1100,1.0,In-flight meal not included,10262
Jet Airways,2019-03-24,Kolkata,Banglore,21:10:00,08:10:00,660,1.0,In-flight meal not included,11134
Jet Airways,2019-06-24,Delhi,Cochin,19:10:00,12:35:00,1045,2.0,No Info,12819
Indigo,2019-06-15,Kolkata,Banglore,09:35:00,12:10:00,155,0.0,No Info,5644
Jet Airways,2019-03-06,Banglore,New Delhi,20:35:00,09:30:00,775,1.0,No Info,17261
Air India,2019-06-09,Kolkata,Banglore,16:50:00,13:45:00,1255,2.0,No Info,11752
Air India,2019-06-09,Kolkata,Banglore,07:00:00,05:25:00,1345,2.0,No Info,12534
Air India,2019-06-12,Delhi,Cochin,06:50:00,07:40:00,1490,2.0,No Info,13381
Indigo,2019-05-09,Kolkata,Banglore,06:20:00,10:20:00,240,1.0,No Info,4226
Multiple Carriers,2019-03-27,Delhi,Cochin,08:55:00,19:15:00,620,1.0,No Info,8371
Indigo,2019-03-27,Delhi,Cochin,20:30:00,01:35:00,305,1.0,No Info,5073
Jet Airways,2019-05-09,Kolkata,Banglore,09:35:00,09:45:00,1450,1.0,No Info,12121
Jet Airways,2019-04-03,Mumbai,Hyderabad,10:20:00,11:50:00,90,0.0,No Info,8040
Jet Airways,2019-06-12,Kolkata,Banglore,20:00:00,04:40:00,520,1.0,No Info,12576
Spicejet,2019-06-01,Mumbai,Hyderabad,05:45:00,07:15:00,90,0.0,No Info,2753
Air India,2019-03-06,Mumbai,Hyderabad,12:45:00,19:25:00,1840,2.0,No Info,13253
Multiple Carriers,2019-05-18,Delhi,Cochin,07:05:00,22:30:00,925,1.0,No Info,10348
Indigo,2019-03-03,Mumbai,Hyderabad,09:10:00,10:40:00,90,0.0,No Info,5755
Jet Airways,2019-03-06,Mumbai,Hyderabad,19:50:00,16:50:00,1260,2.0,No Info,24210
Indigo,2019-05-21,Kolkata,Banglore,21:00:00,02:15:00,315,1.0,No Info,7228
Spicejet,2019-05-24,Mumbai,Hyderabad,22:45:00,00:15:00,90,0.0,No check-in baggage included,1965
Air Asia,2019-05-12,Banglore,Delhi,23:55:00,02:45:00,170,0.0,No Info,4483
Indigo,2019-04-01,Mumbai,Hyderabad,21:20:00,22:50:00,90,0.0,No Info,2227
Jet Airways,2019-05-27,Delhi,Cochin,13:00:00,04:25:00,925,1.0,In-flight meal not included,12898
Indigo,2019-04-27,Banglore,Delhi,06:05:00,08:50:00,165,0.0,No Info,4423
Multiple Carriers,2019-06-01,Delhi,Cochin,13:15:00,22:30:00,555,1.0,No Info,9646
Air India,2019-05-12,Mumbai,Hyderabad,06:20:00,07:40:00,80,0.0,No Info,3100
Spicejet,2019-06-03,Delhi,Cochin,08:45:00,13:15:00,270,1.0,No Info,5830
Jet Airways,2019-05-15,Kolkata,Banglore,06:30:00,12:00:00,330,1.0,No Info,14388
Jet Airways,2019-06-21,Banglore,Delhi,15:15:00,18:10:00,175,0.0,In-flight meal not included,7229
Air Asia,2019-04-12,Banglore,Delhi,23:55:00,02:45:00,170,0.0,No Info,7080
Indigo,2019-03-06,Delhi,Cochin,08:35:00,21:20:00,765,2.0,No Info,7682
Air India,2019-04-18,Banglore,Delhi,21:05:00,23:55:00,170,0.0,No Info,5228
Indigo,2019-04-27,Delhi,Cochin,05:05:00,12:10:00,425,1.0,No Info,7160
Jet Airways,2019-03-09,Mumbai,Hyderabad,06:30:00,08:00:00,90,0.0,No Info,8040
Indigo,2019-05-15,Delhi,Cochin,10:35:00,21:00:00,625,1.0,No Info,6979
Air India,2019-05-18,Delhi,Cochin,06:50:00,07:40:00,1490,2.0,No Info,13591
Indigo,2019-05-01,Kolkata,Banglore,15:15:00,20:05:00,290,1.0,No Info,4775
Indigo,2019-05-09,Delhi,Cochin,05:35:00,08:50:00,195,0.0,No Info,5000
Jet Airways,2019-05-21,Delhi,Cochin,22:50:00,19:00:00,1210,1.0,No Info,16079
Jet Airways,2019-05-09,Kolkata,Banglore,16:30:00,23:35:00,425,1.0,No Info,14781
Multiple Carriers,2019-06-27,Delhi,Cochin,06:00:00,19:00:00,780,1.0,In-flight meal not included,10791
Vistara,2019-05-12,Kolkata,Banglore,07:10:00,09:05:00,1555,1.0,No Info,9397
Jet Airways,2019-05-15,Kolkata,Banglore,06:30:00,18:15:00,705,1.0,In-flight meal not included,10844
Air India,2019-03-27,Delhi,Cochin,09:45:00,09:25:00,1420,2.0,No Info,7090
Jet Airways,2019-05-24,Delhi,Cochin,11:40:00,19:00:00,440,2.0,No Info,21219
Jet Airways,2019-06-01,Delhi,Cochin,05:30:00,04:25:00,1375,2.0,In-flight meal not included,10368
Indigo,2019-03-27,Chennai,Kolkata,14:40:00,17:05:00,145,0.0,No Info,3384
Spicejet,2019-05-18,Kolkata,Banglore,11:15:00,18:30:00,435,1.0,No Info,10944
Jet Airways,2019-05-27,Delhi,Cochin,21:50:00,19:00:00,1270,1.0,No Info,16079
Air Asia,2019-04-03,Kolkata,Banglore,22:50:00,01:20:00,150,0.0,No Info,3807
Indigo,2019-05-27,Banglore,Delhi,00:30:00,03:25:00,175,0.0,No Info,3419
Jet Airways,2019-06-24,Delhi,Cochin,17:30:00,12:35:00,1145,1.0,In-flight meal not included,10262
Spicejet,2019-06-03,Mumbai,Hyderabad,13:15:00,14:45:00,90,0.0,No Info,2017
Jet Airways,2019-06-15,Delhi,Cochin,05:30:00,04:25:00,1375,2.0,In-flight meal not included,10368
Air India,2019-05-21,Delhi,Cochin,05:55:00,07:40:00,1545,2.0,No Info,11543
Air India,2019-03-15,Banglore,New Delhi,13:20:00,16:10:00,170,0.0,No Info,7276
Jet Airways,2019-05-15,Kolkata,Banglore,21:10:00,04:40:00,450,1.0,No Info,14388
Jet Airways,2019-03-27,Delhi,Cochin,05:10:00,19:45:00,2315,2.0,In-flight meal not included,8098
Multiple Carriers,2019-05-18,Delhi,Cochin,10:20:00,19:00:00,520,1.0,No Info,9794
Air India,2019-03-03,Delhi,Cochin,05:55:00,07:40:00,1545,2.0,No Info,15428
Jet Airways,2019-06-06,Kolkata,Banglore,08:25:00,18:15:00,590,1.0,In-flight meal not included,10844
Air India,2019-03-27,Mumbai,Hyderabad,19:30:00,20:45:00,75,0.0,No Info,2575
Indigo,2019-06-09,Delhi,Cochin,21:50:00,03:35:00,345,1.0,No Info,6195
Multiple Carriers,2019-05-01,Delhi,Cochin,19:00:00,01:30:00,390,1.0,No Info,9424
Multiple Carriers,2019-06-06,Delhi,Cochin,07:05:00,16:10:00,545,1.0,No Info,9646
Jet Airways,2019-05-18,Delhi,Cochin,20:55:00,19:00:00,1325,1.0,No Info,15554
Air India,2019-03-01,Mumbai,Hyderabad,19:30:00,20:45:00,75,0.0,No Info,15385
Multiple Carriers,2019-03-06,Delhi,Cochin,17:45:00,01:35:00,470,1.0,No Info,15147
Indigo,2019-03-21,Delhi,Cochin,16:00:00,21:00:00,300,1.0,No Info,6232
Air India,2019-06-24,Delhi,Cochin,17:40:00,23:00:00,320,1.0,No Info,7174
Indigo,2019-06-21,Delhi,Cochin,14:25:00,17:40:00,195,0.0,No Info,5000
Jet Airways,2019-06-06,Kolkata,Banglore,09:35:00,18:00:00,505,1.0,No Info,12692
Multiple Carriers,2019-05-21,Delhi,Cochin,11:25:00,19:15:00,470,1.0,No Info,7575
Multiple Carriers,2019-05-21,Delhi,Cochin,15:00:00,01:30:00,630,1.0,No Info,14067
Jet Airways,2019-05-09,Kolkata,Banglore,20:25:00,10:55:00,870,1.0,No Info,10953
Spicejet,2019-05-01,Kolkata,Banglore,11:35:00,18:50:00,435,1.0,No Info,8479
Indigo,2019-03-24,Banglore,New Delhi,22:20:00,01:10:00,170,0.0,No Info,4377
Air India,2019-05-15,Kolkata,Banglore,16:50:00,13:45:00,1255,2.0,No Info,15532
Air India,2019-05-27,Delhi,Cochin,18:30:00,19:15:00,1485,2.0,No Info,12488
Goair,2019-04-03,Delhi,Cochin,10:35:00,19:35:00,540,1.0,No Info,5135
Jet Airways,2019-06-24,Delhi,Cochin,05:30:00,19:00:00,810,2.0,In-flight meal not included,10368
Indigo,2019-06-15,Banglore,Delhi,08:30:00,11:20:00,170,0.0,No Info,4823
Spicejet,2019-05-15,Kolkata,Banglore,09:00:00,11:25:00,145,0.0,No check-in baggage included,3841
Multiple Carriers,2019-05-27,Delhi,Cochin,07:30:00,19:00:00,690,1.0,No Info,9315
Multiple Carriers,2019-06-01,Delhi,Cochin,09:00:00,19:00:00,600,1.0,No Info,12717
Vistara,2019-04-09,Banglore,Delhi,09:45:00,12:35:00,170,0.0,No Info,5403
Spicejet,2019-04-24,Kolkata,Banglore,09:00:00,11:25:00,145,0.0,No Info,4174
Spicejet,2019-06-01,Kolkata,Banglore,06:55:00,09:30:00,155,0.0,No Info,3873
Vistara,2019-03-12,Mumbai,Hyderabad,07:30:00,19:55:00,745,1.0,No Info,12080
Spicejet,2019-05-06,Chennai,Kolkata,08:20:00,10:35:00,135,0.0,No Info,3911
Air India,2019-03-15,Banglore,New Delhi,08:50:00,23:15:00,865,1.0,No Info,8714
Air India,2019-06-09,Kolkata,Banglore,09:50:00,23:15:00,805,3.0,No Info,14960
Air India,2019-05-27,Delhi,Cochin,07:00:00,19:15:00,735,1.0,No Info,9929
Indigo,2019-04-06,Banglore,Delhi,18:25:00,21:20:00,175,0.0,No Info,4823
Jet Airways,2019-03-12,Mumbai,Hyderabad,03:00:00,16:35:00,815,1.0,No Info,22294
Indigo,2019-05-01,Mumbai,Hyderabad,19:05:00,20:35:00,90,0.0,No Info,2754
Jet Airways,2019-06-03,Delhi,Cochin,20:55:00,12:35:00,940,1.0,In-flight meal not included,10262
Goair,2019-06-03,Banglore,Delhi,11:40:00,14:30:00,170,0.0,No Info,3898
Spicejet,2019-06-18,Kolkata,Banglore,09:00:00,11:25:00,145,0.0,No Info,3873
Jet Airways,2019-04-24,Banglore,Delhi,07:10:00,10:10:00,180,0.0,In-flight meal not included,6144
Air India,2019-05-01,Kolkata,Banglore,07:00:00,16:15:00,555,1.0,No Info,10203
Jet Airways,2019-06-15,Delhi,Cochin,05:30:00,19:00:00,810,2.0,In-flight meal not included,10368
Jet Airways,2019-03-24,Kolkata,Banglore,08:25:00,20:40:00,735,1.0,In-flight meal not included,11134
Spicejet,2019-06-09,Chennai,Kolkata,08:20:00,10:35:00,135,0.0,No Info,3597
Multiple Carriers,2019-03-06,Delhi,Cochin,07:10:00,21:20:00,850,2.0,In-flight meal not included,7731
Jet Airways,2019-06-03,Delhi,Cochin,22:50:00,19:00:00,1210,1.0,In-flight meal not included,10262
Air Asia,2019-06-27,Kolkata,Banglore,19:55:00,22:25:00,150,0.0,No Info,3807
Air Asia,2019-04-18,Banglore,Delhi,04:55:00,07:45:00,170,0.0,No Info,4282
Spicejet,2019-06-15,Mumbai,Hyderabad,05:45:00,07:15:00,90,0.0,No check-in baggage included,2647
Multiple Carriers,2019-06-01,Delhi,Cochin,09:15:00,19:00:00,585,1.0,No Info,12042
Indigo,2019-04-12,Kolkata,Banglore,17:15:00,19:50:00,155,0.0,No Info,4174
Jet Airways,2019-05-01,Kolkata,Banglore,20:25:00,14:25:00,1080,1.0,No Info,11467
Jet Airways,2019-05-18,Kolkata,Banglore,08:25:00,12:00:00,1655,1.0,In-flight meal not included,10844
Air India,2019-03-12,Banglore,New Delhi,08:50:00,10:15:00,1525,2.0,No Info,12778
Air India,2019-03-24,Kolkata,Banglore,20:45:00,23:20:00,155,0.0,No Info,31945
Indigo,2019-03-27,Mumbai,Hyderabad,09:10:00,10:40:00,90,0.0,No Info,4392
Jet Airways,2019-05-27,Delhi,Cochin,05:30:00,19:00:00,810,2.0,In-flight meal not included,13029
Jet Airways,2019-05-01,Kolkata,Banglore,08:25:00,04:40:00,1215,1.0,No Info,13941
Multiple Carriers,2019-06-09,Delhi,Cochin,13:00:00,21:00:00,480,1.0,No Info,13587
Jet Airways,2019-05-27,Delhi,Cochin,15:00:00,04:25:00,805,1.0,In-flight meal not included,12898
Jet Airways,2019-05-15,Banglore,Delhi,08:20:00,11:20:00,180,0.0,No Info,7229
Air India,2019-05-09,Delhi,Cochin,18:05:00,21:10:00,185,0.0,No Info,6094
Air Asia,2019-05-18,Delhi,Cochin,20:45:00,07:10:00,625,1.0,No Info,7452
Jet Airways,2019-03-15,Banglore,New Delhi,07:00:00,16:10:00,550,1.0,In-flight meal not included,9134
Air India,2019-03-12,Banglore,New Delhi,11:50:00,08:55:00,1265,1.0,No Info,11707
Multiple Carriers,2019-06-27,Delhi,Cochin,15:05:00,01:30:00,625,2.0,No Info,15965
Multiple Carriers,2019-05-18,Delhi,Cochin,10:00:00,01:30:00,930,1.0,No Info,8073
Jet Airways,2019-05-24,Kolkata,Banglore,16:30:00,09:20:00,1010,1.0,In-flight meal not included,9663
Air India,2019-03-27,Delhi,Cochin,05:10:00,08:00:00,170,0.0,No Info,4729
Air India,2019-03-12,Banglore,New Delhi,06:45:00,23:15:00,990,1.0,No Info,11602
Air Asia,2019-05-01,Kolkata,Banglore,22:50:00,01:20:00,150,0.0,No Info,4409
Vistara,2019-04-21,Banglore,Delhi,17:00:00,19:35:00,155,0.0,No Info,5613
Spicejet,2019-03-15,Mumbai,Hyderabad,22:45:00,00:10:00,85,0.0,No check-in baggage included,2647
Multiple Carriers,2019-03-09,Delhi,Cochin,04:45:00,19:45:00,900,1.0,No Info,10782
Air India,2019-06-12,Kolkata,Banglore,16:45:00,12:30:00,1185,2.0,No Info,14960
Air India,2019-05-09,Kolkata,Banglore,14:35:00,14:35:00,1440,1.0,No Info,6528
Indigo,2019-03-27,Delhi,Cochin,15:00:00,01:35:00,635,1.0,No Info,8075
Air India,2019-03-24,Kolkata,Banglore,09:25:00,01:20:00,955,2.0,No Info,11853
Jet Airways,2019-04-03,Mumbai,Hyderabad,02:55:00,04:20:00,85,0.0,No Info,5678
Spicejet,2019-06-06,Chennai,Kolkata,08:20:00,10:35:00,135,0.0,No Info,3597
Jet Airways,2019-06-15,Delhi,Cochin,11:30:00,19:00:00,450,1.0,In-flight meal not included,10262
Air Asia,2019-05-18,Kolkata,Banglore,19:55:00,23:30:00,215,1.0,No Info,6857
Indigo,2019-06-01,Banglore,Delhi,20:00:00,22:50:00,170,0.0,No Info,4823
Multiple Carriers,2019-06-01,Delhi,Cochin,14:55:00,22:30:00,455,1.0,No Info,7038
Multiple Carriers,2019-04-09,Delhi,Cochin,17:00:00,01:30:00,510,1.0,No Info,6838
Jet Airways,2019-06-09,Delhi,Cochin,11:00:00,14:15:00,195,0.0,In-flight meal not included,7202
Air India,2019-06-06,Delhi,Cochin,13:15:00,09:25:00,1210,2.0,No Info,10939
Indigo,2019-03-24,Chennai,Kolkata,11:35:00,14:00:00,145,0.0,No Info,4332
Multiple Carriers,2019-06-27,Delhi,Cochin,13:15:00,22:30:00,555,1.0,No Info,8018
Multiple Carriers,2019-06-24,Delhi,Cochin,07:05:00,21:00:00,835,1.0,No Info,13797
Indigo,2019-03-21,Delhi,Cochin,07:35:00,22:20:00,885,1.0,No Info,6558
Indigo,2019-06-09,Delhi,Cochin,15:00:00,01:30:00,630,1.0,No Info,6316
Indigo,2019-06-12,Delhi,Cochin,21:05:00,00:20:00,195,0.0,No Info,6015
Jet Airways,2019-06-12,Delhi,Cochin,18:20:00,12:35:00,1095,2.0,No Info,14300
Spicejet,2019-05-27,Chennai,Kolkata,17:45:00,20:05:00,140,0.0,No check-in baggage included,3543
Air Asia,2019-06-12,Kolkata,Banglore,10:20:00,12:55:00,155,0.0,No Info,3807
Jet Airways,2019-03-01,Banglore,New Delhi,14:05:00,09:30:00,1165,1.0,No Info,25735
Air India,2019-06-09,Kolkata,Banglore,17:30:00,20:25:00,1615,1.0,No Info,10413
Multiple Carriers,2019-05-18,Delhi,Cochin,11:40:00,01:30:00,830,1.0,No Info,8405
Air India,2019-06-03,Banglore,Delhi,10:00:00,12:45:00,165,0.0,No Info,6961
Indigo,2019-05-12,Kolkata,Banglore,18:05:00,23:30:00,325,1.0,No Info,6218
Air India,2019-05-24,Kolkata,Banglore,09:25:00,10:30:00,1505,2.0,No Info,12797
Goair,2019-05-01,Banglore,Delhi,20:55:00,23:40:00,165,0.0,No Info,3898
Vistara,2019-05-06,Kolkata,Banglore,17:00:00,23:25:00,385,1.0,No Info,8085
Vistara,2019-05-21,Kolkata,Banglore,20:20:00,10:45:00,865,1.0,No Info,9187
Spicejet,2019-05-06,Kolkata,Banglore,22:20:00,00:40:00,140,0.0,No Info,3873
Jet Airways,2019-03-24,Kolkata,Banglore,13:55:00,16:20:00,1585,1.0,In-flight meal not included,10031
Indigo,2019-04-24,Kolkata,Banglore,15:15:00,20:05:00,290,1.0,No Info,4565
Goair,2019-06-06,Delhi,Cochin,14:25:00,19:35:00,310,1.0,No Info,7870
Multiple Carriers,2019-03-21,Delhi,Cochin,08:25:00,19:15:00,650,1.0,No Info,8601
Spicejet,2019-03-24,Banglore,New Delhi,05:45:00,08:35:00,170,0.0,No check-in baggage included,3527
Indigo,2019-06-09,Mumbai,Hyderabad,09:10:00,10:40:00,90,0.0,No Info,4049
Indigo,2019-06-03,Delhi,Cochin,15:00:00,01:30:00,630,1.0,No Info,6104
Jet Airways,2019-05-24,Kolkata,Banglore,20:00:00,09:20:00,800,1.0,No Info,14571
Jet Airways,2019-05-01,Banglore,Delhi,19:50:00,22:50:00,180,0.0,No Info,7229
Spicejet,2019-06-09,Kolkata,Banglore,11:15:00,18:30:00,435,1.0,No Info,9946
Multiple Carriers,2019-06-12,Delhi,Cochin,08:30:00,19:15:00,645,1.0,No Info,7354
Jet Airways,2019-03-12,Banglore,New Delhi,18:55:00,13:15:00,1100,1.0,No Info,13817
Multiple Carriers,2019-05-18,Delhi,Cochin,12:50:00,01:30:00,760,1.0,No Info,7670
Multiple Carriers,2019-06-12,Delhi,Cochin,09:00:00,21:00:00,720,1.0,No Info,13587
Jet Airways,2019-03-21,Delhi,Cochin,18:15:00,04:25:00,610,1.0,No Info,12557
Jet Airways,2019-04-15,Banglore,Delhi,18:55:00,22:00:00,185,0.0,No Info,7229
Jet Airways,2019-06-01,Delhi,Cochin,17:30:00,04:25:00,655,1.0,No Info,14714
Indigo,2019-03-15,Banglore,New Delhi,14:25:00,19:25:00,300,1.0,No Info,9165
Indigo,2019-03-24,Banglore,New Delhi,06:00:00,08:45:00,165,0.0,No Info,4777
Indigo,2019-05-15,Banglore,Delhi,22:10:00,01:00:00,170,0.0,No Info,3419
Air Asia,2019-05-27,Banglore,Delhi,11:10:00,13:55:00,165,0.0,No Info,3383
Jet Airways,2019-06-12,Kolkata,Banglore,20:25:00,18:00:00,1295,1.0,No Info,12692
Indigo,2019-06-06,Mumbai,Hyderabad,06:25:00,07:55:00,90,0.0,No Info,4049
Multiple Carriers,2019-06-15,Delhi,Cochin,07:30:00,19:15:00,705,1.0,No Info,8614
Jet Airways,2019-05-21,Banglore,Delhi,11:10:00,14:05:00,175,0.0,No Info,7229
Goair,2019-06-09,Banglore,Delhi,07:45:00,10:40:00,175,0.0,No Info,3898
Indigo,2019-03-21,Banglore,New Delhi,20:00:00,22:55:00,175,0.0,No Info,6144
Indigo,2019-05-09,Chennai,Kolkata,07:55:00,10:15:00,140,0.0,No Info,3850
Multiple Carriers,2019-05-15,Delhi,Cochin,13:00:00,21:00:00,480,1.0,No Info,13727
Air India,2019-05-24,Kolkata,Banglore,09:25:00,11:10:00,1545,1.0,No Info,8891
Jet Airways,2019-06-12,Kolkata,Banglore,09:35:00,10:55:00,1520,1.0,No Info,12692
Jet Airways,2019-03-21,Mumbai,Hyderabad,03:05:00,04:25:00,80,0.0,No Info,5678
Air India,2019-03-01,Banglore,New Delhi,00:30:00,20:30:00,1200,1.0,1 Long layover,14752
Jet Airways,2019-05-09,Kolkata,Banglore,09:35:00,21:05:00,690,1.0,In-flight meal not included,12384
Jet Airways,2019-05-24,Banglore,Delhi,06:00:00,08:45:00,165,0.0,No Info,7229
Multiple Carriers,2019-05-27,Delhi,Cochin,07:05:00,22:30:00,925,1.0,No Info,9856
Jet Airways,2019-03-09,Banglore,New Delhi,08:00:00,09:30:00,1530,1.0,In-flight meal not included,11087
Jet Airways,2019-03-06,Delhi,Cochin,11:30:00,18:50:00,440,1.0,No Info,17024
Indigo,2019-04-09,Banglore,Delhi,01:30:00,04:15:00,165,0.0,No Info,3419
Air India,2019-06-27,Banglore,Delhi,17:00:00,19:45:00,165,0.0,No Info,6961
Air India,2019-06-06,Kolkata,Banglore,08:20:00,20:25:00,725,2.0,No Info,11432
Indigo,2019-05-15,Banglore,Delhi,21:15:00,00:15:00,180,0.0,No Info,3943
Multiple Carriers,2019-06-15,Delhi,Cochin,10:20:00,19:00:00,520,1.0,No Info,11789
Vistara,2019-03-01,Banglore,New Delhi,06:40:00,21:55:00,915,1.0,No Info,18387
Jet Airways,2019-06-12,Kolkata,Banglore,21:10:00,04:40:00,450,1.0,In-flight meal not included,7594
Spicejet,2019-04-21,Kolkata,Banglore,06:55:00,09:30:00,155,0.0,No Info,4174
Multiple Carriers,2019-04-09,Delhi,Cochin,09:00:00,19:15:00,615,1.0,No Info,12853
Indigo,2019-06-24,Banglore,Delhi,18:55:00,21:50:00,175,0.0,No Info,4823
Spicejet,2019-05-24,Banglore,Delhi,09:30:00,12:20:00,170,0.0,No check-in baggage included,3573
Indigo,2019-05-18,Delhi,Cochin,08:35:00,22:30:00,835,1.0,No Info,7144
Air India,2019-05-24,Banglore,Delhi,21:05:00,23:55:00,170,0.0,No Info,5228
Multiple Carriers,2019-06-06,Delhi,Cochin,13:00:00,01:30:00,750,1.0,No Info,7198
Jet Airways,2019-04-01,Kolkata,Banglore,06:30:00,20:45:00,855,1.0,In-flight meal not included,7064
Jet Airways,2019-06-09,Kolkata,Banglore,20:25:00,22:05:00,1540,1.0,No Info,12692
Air Asia,2019-05-09,Kolkata,Banglore,22:40:00,10:40:00,720,1.0,No Info,5192
Air India,2019-05-12,Banglore,Delhi,10:00:00,12:45:00,165,0.0,No Info,5228
Multiple Carriers,2019-03-21,Delhi,Cochin,07:05:00,22:20:00,915,1.0,No Info,6717
Multiple Carriers,2019-06-06,Delhi,Cochin,10:00:00,01:30:00,930,1.0,No Info,13377
Air Asia,2019-04-01,Kolkata,Banglore,22:40:00,10:40:00,720,1.0,No Info,5192
Jet Airways,2019-03-27,Delhi,Cochin,16:00:00,19:45:00,1665,1.0,In-flight meal not included,5963
Indigo,2019-03-06,Delhi,Cochin,11:55:00,22:20:00,625,1.0,No Info,6442
Indigo,2019-05-03,Kolkata,Banglore,22:15:00,00:50:00,155,0.0,No Info,4804
Air India,2019-03-03,Banglore,New Delhi,09:30:00,23:45:00,855,1.0,No Info,11654
Indigo,2019-06-06,Kolkata,Banglore,09:35:00,12:10:00,155,0.0,No Info,4804
Vistara,2019-05-15,Kolkata,Banglore,07:10:00,10:45:00,1655,1.0,No Info,8452
Air India,2019-05-24,Banglore,Delhi,06:10:00,08:55:00,165,0.0,No Info,8273
Air India,2019-06-09,Kolkata,Banglore,07:00:00,20:25:00,805,1.0,No Info,10413
Jet Airways,2019-03-27,Mumbai,Hyderabad,19:35:00,21:05:00,90,0.0,No Info,5678
Jet Airways,2019-06-12,Delhi,Cochin,09:00:00,12:35:00,1655,1.0,In-flight meal not included,10262
Indigo,2019-04-09,Delhi,Cochin,15:00:00,01:30:00,630,1.0,No Info,6270
Air Asia,2019-05-27,Delhi,Cochin,16:45:00,22:25:00,340,1.0,No Info,6752
Vistara,2019-05-06,Kolkata,Banglore,20:20:00,22:40:00,1580,1.0,No Info,8452
Jet Airways,2019-05-24,Kolkata,Banglore,10:20:00,17:35:00,435,1.0,In-flight meal not included,6287
Spicejet,2019-04-09,Banglore,Delhi,05:55:00,08:35:00,160,0.0,No Info,3971
Jet Airways,2019-05-18,Banglore,Delhi,11:10:00,14:05:00,175,0.0,No Info,7229
Indigo,2019-05-18,Delhi,Cochin,05:35:00,08:50:00,195,0.0,No Info,6015
Jet Airways,2019-05-01,Kolkata,Banglore,20:00:00,10:05:00,845,1.0,No Info,13941
Air India,2019-05-01,Banglore,Delhi,13:20:00,16:10:00,170,0.0,No Info,6121
Jet Airways,2019-06-09,Kolkata,Banglore,10:20:00,17:35:00,435,1.0,No Info,8355
Air Asia,2019-06-27,Kolkata,Banglore,22:50:00,01:20:00,150,0.0,No Info,3807
Indigo,2019-03-09,Delhi,Cochin,18:35:00,01:35:00,420,1.0,No Info,12351
Multiple Carriers,2019-03-06,Delhi,Cochin,08:55:00,15:30:00,395,1.0,No Info,15147
Jet Airways,2019-03-27,Mumbai,Hyderabad,19:35:00,21:05:00,90,0.0,In-flight meal not included,2071
Vistara,2019-06-12,Banglore,Delhi,11:30:00,14:20:00,170,0.0,No Info,4668
Jet Airways,2019-06-12,Kolkata,Banglore,06:30:00,16:20:00,590,1.0,In-flight meal not included,9899
Multiple Carriers,2019-03-03,Delhi,Cochin,07:00:00,15:30:00,510,1.0,No Info,15603
Goair,2019-04-06,Delhi,Cochin,10:35:00,19:35:00,540,1.0,No Info,5135
Indigo,2019-06-06,Delhi,Cochin,06:50:00,22:30:00,940,1.0,No Info,6674
Jet Airways,2019-03-24,Kolkata,Banglore,19:45:00,08:10:00,745,1.0,No Info,14231
Indigo,2019-05-18,Mumbai,Hyderabad,12:00:00,13:30:00,90,0.0,No Info,2754
Air Asia,2019-04-15,Kolkata,Banglore,07:35:00,23:30:00,955,1.0,No Info,5192
Spicejet,2019-05-27,Banglore,Delhi,21:10:00,00:05:00,175,0.0,No Info,3311
Jet Airways,2019-06-27,Delhi,Cochin,09:40:00,19:00:00,560,2.0,No Info,13014
Indigo,2019-06-01,Delhi,Cochin,04:55:00,21:00:00,965,1.0,No Info,6314
Jet Airways,2019-03-21,Banglore,New Delhi,08:00:00,23:00:00,900,1.0,In-flight meal not included,7832
Jet Airways,2019-03-27,Delhi,Cochin,05:25:00,19:45:00,2300,2.0,No Info,11664
Indigo,2019-06-15,Delhi,Cochin,08:30:00,21:00:00,750,1.0,No Info,6416
Air India,2019-05-24,Delhi,Cochin,23:00:00,19:15:00,1215,1.0,No Info,8582
Air India,2019-03-01,Banglore,New Delhi,08:50:00,23:55:00,2345,2.0,No Info,17135
Air India,2019-05-24,Kolkata,Banglore,09:10:00,04:40:00,1170,2.0,No Info,6117
Indigo,2019-05-12,Banglore,Delhi,01:30:00,04:15:00,165,0.0,No Info,3943
Multiple Carriers,2019-05-15,Delhi,Cochin,12:50:00,19:15:00,385,1.0,No Info,8266
Indigo,2019-05-12,Chennai,Kolkata,22:05:00,00:25:00,140,0.0,No Info,5277
Indigo,2019-06-09,Kolkata,Banglore,17:35:00,22:15:00,280,1.0,No Info,5699
Air India,2019-04-01,Kolkata,Banglore,19:00:00,04:40:00,580,1.0,No Info,4227
Air India,2019-06-06,Kolkata,Banglore,14:30:00,08:55:00,1105,2.0,No Info,15107
Jet Airways,2019-05-18,Delhi,Cochin,19:45:00,04:25:00,520,1.0,In-flight meal not included,12373
Multiple Carriers,2019-06-24,Delhi,Cochin,13:15:00,22:30:00,555,1.0,No Info,8018
Jet Airways,2019-04-01,Mumbai,Hyderabad,07:05:00,08:30:00,85,0.0,No Info,8040
Spicejet,2019-05-15,Banglore,Delhi,21:10:00,00:05:00,175,0.0,No check-in baggage included,3573
Jet Airways,2019-03-21,Delhi,Cochin,06:20:00,04:25:00,1325,2.0,In-flight meal not included,8273
Multiple Carriers,2019-05-15,Delhi,Cochin,17:30:00,01:30:00,480,1.0,No Info,13727
Indigo,2019-04-12,Banglore,Delhi,08:30:00,11:20:00,170,0.0,No Info,4823
Jet Airways,2019-05-27,Delhi,Cochin,22:50:00,12:35:00,825,1.0,In-flight meal not included,12898
Spicejet,2019-06-06,Chennai,Kolkata,09:45:00,12:00:00,135,0.0,No Info,3597
Jet Airways,2019-03-18,Mumbai,Hyderabad,02:55:00,04:25:00,90,0.0,No Info,5678
Multiple Carriers,2019-06-27,Delhi,Cochin,11:40:00,01:30:00,830,1.0,In-flight meal not included,5797
Air India,2019-05-12,Kolkata,Banglore,07:00:00,01:20:00,1100,2.0,No Info,12140
Air India,2019-03-06,Delhi,Cochin,12:00:00,19:15:00,435,2.0,No Info,11858
Indigo,2019-03-24,Mumbai,Hyderabad,19:05:00,20:30:00,85,0.0,No Info,2754
Jet Airways,2019-06-12,Kolkata,Banglore,21:10:00,10:05:00,775,1.0,No Info,13044
Jet Airways,2019-05-15,Banglore,Delhi,06:00:00,08:45:00,165,0.0,No Info,7229
Air Asia,2019-06-03,Delhi,Cochin,20:45:00,06:35:00,590,1.0,No Info,11410
Indigo,2019-04-18,Kolkata,Banglore,15:30:00,18:05:00,155,0.0,No Info,4174
Multiple Carriers,2019-06-15,Delhi,Cochin,08:45:00,19:15:00,630,1.0,No Info,9526
Indigo,2019-05-21,Kolkata,Banglore,15:30:00,18:05:00,155,0.0,No Info,4804
Jet Airways,2019-05-09,Delhi,Cochin,13:25:00,19:00:00,1775,2.0,No Info,15129
Air India,2019-05-09,Kolkata,Banglore,12:00:00,18:30:00,1830,2.0,No Info,9626
Indigo,2019-06-01,Chennai,Kolkata,22:05:00,00:25:00,140,0.0,No Info,5277
Jet Airways,2019-05-27,Delhi,Cochin,18:15:00,19:00:00,1485,1.0,No Info,16079
Air India,2019-06-06,Delhi,Cochin,10:55:00,19:15:00,500,2.0,No Info,11753
Air Asia,2019-05-21,Banglore,Delhi,04:55:00,07:45:00,170,0.0,No Info,3383
Indigo,2019-04-24,Banglore,Delhi,16:55:00,19:55:00,180,0.0,No Info,4823
Jet Airways,2019-05-15,Kolkata,Banglore,17:00:00,10:55:00,1075,1.0,No Info,14151
Indigo,2019-05-18,Delhi,Cochin,18:35:00,01:30:00,415,1.0,No Info,7503
Jet Airways,2019-03-06,Banglore,New Delhi,16:55:00,11:25:00,1110,1.0,No Info,17261
Multiple Carriers,2019-06-03,Delhi,Cochin,09:45:00,22:30:00,765,1.0,No Info,9646
Indigo,2019-04-06,Banglore,Delhi,04:00:00,06:50:00,170,0.0,No Info,4423
Spicejet,2019-04-06,Kolkata,Banglore,14:55:00,17:25:00,150,0.0,No Info,3873
Air India,2019-06-12,Kolkata,Banglore,09:50:00,08:55:00,1385,2.0,No Info,14960
Air Asia,2019-05-01,Banglore,Delhi,04:55:00,07:45:00,170,0.0,No Info,4282
Spicejet,2019-06-06,Kolkata,Banglore,09:00:00,11:25:00,145,0.0,No check-in baggage included,3841
Jet Airways,2019-06-01,Delhi,Cochin,08:00:00,19:00:00,660,1.0,In-flight meal not included,10262
Air India,2019-03-15,Banglore,New Delhi,08:15:00,12:15:00,240,1.0,No Info,5013
Air India,2019-05-01,Mumbai,Hyderabad,21:05:00,22:25:00,80,0.0,No Info,3625
Air India,2019-03-27,Mumbai,Hyderabad,06:20:00,07:40:00,80,0.0,No Info,2575
Air India,2019-05-18,Delhi,Cochin,16:40:00,19:15:00,1595,2.0,No Info,9863
Indigo,2019-03-09,Banglore,New Delhi,05:30:00,08:20:00,170,0.0,No Info,4777
Vistara,2019-06-27,Banglore,Delhi,17:00:00,19:35:00,155,0.0,No Info,4878
Indigo,2019-04-21,Banglore,Delhi,06:05:00,08:50:00,165,0.0,No Info,4423
Air India,2019-05-18,Kolkata,Banglore,09:25:00,01:20:00,955,2.0,No Info,11668
Air India,2019-06-21,Mumbai,Hyderabad,21:05:00,22:25:00,80,0.0,No Info,3100
Indigo,2019-04-01,Kolkata,Banglore,04:40:00,07:15:00,155,0.0,No Info,4174
Spicejet,2019-05-24,Kolkata,Banglore,11:15:00,18:30:00,435,1.0,No Info,9630
Spicejet,2019-06-18,Mumbai,Hyderabad,05:45:00,07:15:00,90,0.0,No Info,2753
Indigo,2019-03-21,Delhi,Cochin,11:30:00,01:35:00,845,1.0,No Info,7318
Goair,2019-06-06,Banglore,Delhi,11:40:00,14:30:00,170,0.0,No Info,3898
Indigo,2019-06-03,Kolkata,Banglore,09:35:00,12:10:00,155,0.0,No Info,4804
Jet Airways,2019-03-09,Banglore,New Delhi,09:45:00,00:30:00,885,1.0,In-flight meal not included,10562
Multiple Carriers,2019-03-06,Delhi,Cochin,11:35:00,21:00:00,565,3.0,No Info,21829
Jet Airways,2019-04-27,Banglore,Delhi,17:45:00,20:45:00,180,0.0,In-flight meal not included,4544
Indigo,2019-04-01,Kolkata,Banglore,21:00:00,02:15:00,315,1.0,No Info,5930
Jet Airways,2019-03-09,Delhi,Cochin,17:25:00,18:50:00,1525,1.0,No Info,16289
Jet Airways,2019-05-24,Kolkata,Banglore,21:10:00,09:20:00,730,1.0,In-flight meal not included,9663
Jet Airways,2019-05-12,Kolkata,Banglore,06:30:00,19:50:00,800,1.0,In-flight meal not included,8586
Indigo,2019-03-21,Delhi,Cochin,16:00:00,01:35:00,575,1.0,No Info,9264
Spicejet,2019-04-03,Mumbai,Hyderabad,13:15:00,14:45:00,90,0.0,No Info,2017
Air India,2019-05-12,Kolkata,Banglore,09:25:00,21:50:00,745,1.0,No Info,8891
Air India,2019-03-09,Delhi,Cochin,05:10:00,08:00:00,170,0.0,No Info,5831
Jet Airways,2019-05-21,Delhi,Cochin,17:30:00,12:35:00,1145,1.0,In-flight meal not included,12898
Jet Airways,2019-05-09,Kolkata,Banglore,16:30:00,10:05:00,1055,1.0,No Info,13941
Jet Airways,2019-06-12,Kolkata,Banglore,09:35:00,09:45:00,1450,1.0,No Info,12692
Air India,2019-05-21,Delhi,Cochin,08:00:00,19:15:00,675,1.0,No Info,8372
Goair,2019-06-03,Delhi,Cochin,10:35:00,19:35:00,540,1.0,No Info,4959
Jet Airways,2019-06-27,Delhi,Cochin,02:15:00,19:00:00,1005,1.0,In-flight meal not included,10262
Jet Airways,2019-05-09,Kolkata,Banglore,06:30:00,18:15:00,705,1.0,In-flight meal not included,10844
Spicejet,2019-06-27,Mumbai,Hyderabad,13:15:00,14:45:00,90,0.0,No check-in baggage included,1965
Air India,2019-03-21,Delhi,Cochin,06:05:00,09:25:00,1640,1.0,No Info,7532
Goair,2019-05-12,Banglore,Delhi,07:45:00,10:40:00,175,0.0,No Info,3898
Jet Airways,2019-05-09,Delhi,Cochin,19:15:00,04:25:00,550,1.0,In-flight meal not included,12373
Jet Airways,2019-03-01,Banglore,New Delhi,22:50:00,05:05:00,375,1.0,No Info,26890
Spicejet,2019-06-06,Chennai,Kolkata,08:20:00,10:35:00,135,0.0,No check-in baggage included,3543
Multiple Carriers,2019-05-15,Delhi,Cochin,06:00:00,12:35:00,395,1.0,No Info,9794
Vistara,2019-03-06,Mumbai,Hyderabad,11:55:00,09:25:00,1290,1.0,No Info,12395
Jet Airways,2019-06-18,Banglore,Delhi,11:10:00,14:05:00,175,0.0,No Info,8016
Indigo,2019-05-15,Banglore,Delhi,18:55:00,21:50:00,175,0.0,No Info,4823
Jet Airways,2019-06-15,Banglore,Delhi,17:45:00,20:45:00,180,0.0,No Info,8016
Multiple Carriers,2019-03-06,Delhi,Cochin,10:00:00,18:50:00,530,1.0,No Info,16497
Jet Airways,2019-03-21,Delhi,Cochin,19:45:00,18:50:00,1385,1.0,In-flight meal not included,5406
Spicejet,2019-06-24,Chennai,Kolkata,09:45:00,12:00:00,135,0.0,No check-in baggage included,3859
Jet Airways,2019-05-21,Delhi,Cochin,09:50:00,13:05:00,195,0.0,No Info,9564
Air India,2019-05-15,Kolkata,Banglore,16:45:00,21:05:00,1700,1.0,No Info,7452
Air India,2019-06-09,Kolkata,Banglore,12:00:00,11:10:00,1390,2.0,No Info,10151
Jet Airways,2019-03-27,Delhi,Cochin,19:15:00,19:45:00,1470,1.0,No Info,12032
Jet Airways,2019-05-01,Kolkata,Banglore,20:25:00,10:55:00,870,1.0,No Info,12121
Jet Airways,2019-05-01,Kolkata,Banglore,08:25:00,09:20:00,1495,1.0,No Info,14388
Indigo,2019-06-24,Delhi,Cochin,07:15:00,12:30:00,315,1.0,No Info,6582
Air India,2019-06-01,Delhi,Cochin,22:00:00,19:15:00,1275,2.0,No Info,10861
Indigo,2019-04-12,Kolkata,Banglore,14:25:00,16:55:00,150,0.0,No Info,5224
Spicejet,2019-04-24,Kolkata,Banglore,17:10:00,19:40:00,150,0.0,No Info,4174
Multiple Carriers,2019-06-15,Delhi,Cochin,10:35:00,19:00:00,505,1.0,No Info,10877
Jet Airways,2019-06-09,Mumbai,Hyderabad,02:55:00,04:20:00,85,0.0,No Info,5678
Jet Airways,2019-04-01,Kolkata,Banglore,14:05:00,19:50:00,345,1.0,No Info,13364
Spicejet,2019-06-21,Banglore,Delhi,05:55:00,08:35:00,160,0.0,No check-in baggage included,3919
Air India,2019-05-09,Delhi,Cochin,10:00:00,19:15:00,555,1.0,No Info,8372
Jet Airways,2019-06-15,Delhi,Cochin,10:00:00,19:00:00,540,1.0,In-flight meal not included,10262
Air India,2019-05-24,Kolkata,Banglore,09:50:00,23:15:00,805,2.0,No Info,15170
Indigo,2019-03-03,Delhi,Cochin,11:55:00,21:20:00,565,2.0,No Info,9413
Indigo,2019-05-15,Delhi,Cochin,06:50:00,16:10:00,560,1.0,No Info,6442
Air India,2019-05-18,Kolkata,Banglore,16:45:00,12:30:00,1185,2.0,No Info,15170
Air India,2019-06-06,Delhi,Cochin,20:15:00,19:15:00,1380,2.0,No Info,13591
Multiple Carriers,2019-06-01,Delhi,Cochin,13:00:00,21:00:00,480,1.0,No Info,7933
Jet Airways,2019-05-21,Delhi,Cochin,02:15:00,12:35:00,620,1.0,In-flight meal not included,12898
Indigo,2019-03-03,Delhi,Cochin,05:35:00,10:10:00,275,1.0,No Info,13753
Indigo,2019-05-27,Delhi,Cochin,15:00:00,01:30:00,630,1.0,No Info,6628
Air India,2019-03-21,Delhi,Cochin,17:15:00,19:15:00,1560,2.0,No Info,8245
Air India,2019-06-24,Delhi,Cochin,03:50:00,19:15:00,925,1.0,No Info,8669
Jet Airways,2019-04-01,Banglore,Delhi,06:00:00,08:45:00,165,0.0,In-flight meal not included,4544
Indigo,2019-06-01,Banglore,Delhi,18:55:00,21:50:00,175,0.0,No Info,4823
Jet Airways,2019-05-06,Kolkata,Banglore,20:25:00,21:05:00,1480,1.0,No Info,13067
Indigo,2019-03-24,Banglore,New Delhi,21:20:00,00:15:00,175,0.0,No Info,4777
Air India,2019-03-18,Banglore,New Delhi,17:25:00,10:35:00,1030,2.0,No Info,12568
Multiple Carriers,2019-05-27,Delhi,Cochin,18:15:00,01:30:00,435,1.0,In-flight meal not included,7308
Indigo,2019-06-12,Delhi,Cochin,07:30:00,21:00:00,810,1.0,No Info,6093
Air India,2019-05-15,Chennai,Kolkata,11:40:00,13:55:00,135,0.0,No Info,4667
Air India,2019-06-09,Delhi,Cochin,06:05:00,09:25:00,1640,1.0,No Info,7690
Jet Airways,2019-06-06,Kolkata,Banglore,17:00:00,14:25:00,1285,1.0,In-flight meal not included,10539
Indigo,2019-03-24,Banglore,New Delhi,23:30:00,02:20:00,170,0.0,No Info,4944
Jet Airways,2019-06-03,Delhi,Cochin,09:40:00,12:35:00,1615,2.0,In-flight meal not included,10368
Multiple Carriers,2019-05-27,Delhi,Cochin,03:50:00,19:00:00,910,1.0,No Info,10197
Jet Airways,2019-03-24,Kolkata,Banglore,19:45:00,18:10:00,1345,1.0,No Info,13759
Jet Airways,2019-03-09,Delhi,Cochin,02:15:00,04:25:00,1570,1.0,No Info,15029
Multiple Carriers,2019-05-09,Delhi,Cochin,07:05:00,22:30:00,925,1.0,No Info,8310
Air India,2019-03-09,Delhi,Cochin,05:15:00,06:50:00,1535,1.0,No Info,9790
Jet Airways,2019-03-21,Delhi,Cochin,22:00:00,18:50:00,1250,1.0,No Info,12242
Multiple Carriers,2019-05-27,Delhi,Cochin,13:00:00,21:00:00,480,1.0,No Info,13587
Air India,2019-04-03,Banglore,Delhi,21:05:00,23:55:00,170,0.0,No Info,4441
Jet Airways,2019-05-09,Kolkata,Banglore,14:05:00,20:45:00,400,1.0,In-flight meal not included,10844
Air India,2019-05-18,Kolkata,Banglore,16:50:00,13:45:00,1255,2.0,No Info,13432
Jet Airways,2019-06-03,Delhi,Cochin,19:45:00,19:00:00,1395,1.0,In-flight meal not included,10262
Multiple Carriers,2019-06-12,Delhi,Cochin,08:00:00,19:15:00,675,1.0,No Info,15058
Air India,2019-05-24,Kolkata,Banglore,14:15:00,16:45:00,150,0.0,No Info,5510
Air Asia,2019-05-21,Kolkata,Banglore,15:10:00,23:30:00,500,2.0,No Info,5192
Air Asia,2019-05-21,Kolkata,Banglore,19:55:00,22:25:00,150,0.0,No Info,4107
Air India,2019-06-09,Kolkata,Banglore,20:30:00,20:25:00,1435,1.0,No Info,10203
Air India,2019-05-27,Delhi,Cochin,18:00:00,19:15:00,1515,1.0,No Info,8372
Jet Airways,2019-06-09,Delhi,Cochin,07:05:00,19:00:00,715,1.0,No Info,14714
Jet Airways,2019-06-03,Delhi,Cochin,16:00:00,19:00:00,1620,1.0,In-flight meal not included,10262
Jet Airways,2019-03-27,Delhi,Cochin,19:10:00,19:45:00,1475,2.0,In-flight meal not included,8834
Spicejet,2019-05-09,Delhi,Cochin,17:55:00,22:50:00,295,1.0,No Info,5975
Air India,2019-05-09,Kolkata,Banglore,10:00:00,05:25:00,1165,2.0,No Info,14424
Vistara,2019-05-01,Kolkata,Banglore,07:10:00,10:45:00,1655,1.0,No Info,9187
Multiple Carriers,2019-03-21,Delhi,Cochin,18:15:00,01:35:00,440,1.0,No Info,13542
Air India,2019-03-06,Banglore,New Delhi,12:00:00,23:25:00,685,3.0,No Info,14195
Air India,2019-05-06,Kolkata,Banglore,12:00:00,18:30:00,1830,2.0,No Info,10151
Air India,2019-03-06,Mumbai,Hyderabad,19:30:00,20:45:00,75,0.0,No Info,5462
Air India,2019-06-03,Delhi,Cochin,05:10:00,08:00:00,170,0.0,No Info,5201
Spicejet,2019-05-12,Mumbai,Hyderabad,22:45:00,00:15:00,90,0.0,No Info,2017
Jet Airways,2019-06-12,Mumbai,Hyderabad,02:55:00,04:20:00,85,0.0,No Info,5678
Jet Airways,2019-04-01,Banglore,Delhi,18:55:00,22:00:00,185,0.0,No Info,7229
Multiple Carriers,2019-06-03,Delhi,Cochin,17:50:00,01:30:00,460,2.0,No Info,18275
Jet Airways,2019-06-24,Delhi,Cochin,09:25:00,04:25:00,1140,2.0,No Info,13882
Multiple Carriers,2019-06-03,Delhi,Cochin,16:00:00,01:30:00,570,1.0,No Info,13377
Jet Airways,2019-06-01,Delhi,Cochin,07:05:00,19:00:00,715,1.0,In-flight meal not included,15190
Vistara,2019-05-03,Banglore,Delhi,07:00:00,09:40:00,160,0.0,No Info,4668
Jet Airways,2019-05-24,Kolkata,Banglore,20:00:00,08:15:00,735,1.0,In-flight meal not included,8586
Indigo,2019-04-21,Delhi,Cochin,02:00:00,07:25:00,325,1.0,No Info,5636
Multiple Carriers,2019-06-12,Delhi,Cochin,07:05:00,19:15:00,730,1.0,In-flight meal not included,11667
Jet Airways,2019-05-01,Kolkata,Banglore,21:10:00,08:15:00,665,1.0,In-flight meal not included,10844
Jet Airways,2019-06-01,Banglore,Delhi,07:10:00,10:10:00,180,0.0,No Info,8016
Jet Airways,2019-03-12,Banglore,New Delhi,05:45:00,21:20:00,935,1.0,No Info,13817
Indigo,2019-03-03,Mumbai,Hyderabad,02:30:00,04:00:00,90,0.0,No Info,4575
Indigo,2019-06-21,Kolkata,Banglore,04:40:00,07:15:00,155,0.0,No Info,4804
Goair,2019-03-03,Delhi,Cochin,14:10:00,19:20:00,310,1.0,No Info,22794
Jet Airways,2019-06-27,Delhi,Cochin,22:50:00,19:00:00,1210,1.0,In-flight meal not included,10262
Jet Airways,2019-05-21,Delhi,Cochin,08:00:00,04:25:00,1225,1.0,In-flight meal not included,12898
Spicejet,2019-06-21,Chennai,Kolkata,09:45:00,12:00:00,135,0.0,No check-in baggage included,3543
Air Asia,2019-05-18,Kolkata,Banglore,06:50:00,10:30:00,220,1.0,No Info,6857
Spicejet,2019-06-12,Delhi,Cochin,17:55:00,22:50:00,295,1.0,No Info,4957
Jet Airways,2019-06-12,Kolkata,Banglore,16:30:00,20:45:00,1695,1.0,In-flight meal not included,8529
Indigo,2019-05-01,Banglore,Delhi,23:30:00,02:20:00,170,0.0,No Info,4591
Jet Airways,2019-06-09,Kolkata,Banglore,17:00:00,09:45:00,1005,1.0,No Info,14151
Spicejet,2019-05-27,Chennai,Kolkata,08:20:00,10:35:00,135,0.0,No check-in baggage included,3543
Spicejet,2019-03-24,Kolkata,Banglore,15:55:00,21:15:00,320,1.0,No Info,10654
Jet Airways,2019-05-15,Kolkata,Banglore,08:25:00,20:45:00,740,1.0,No Info,14781
Spicejet,2019-06-21,Banglore,Delhi,21:10:00,00:05:00,175,0.0,No check-in baggage included,3919
Indigo,2019-06-27,Kolkata,Banglore,21:25:00,00:05:00,160,0.0,No Info,4804
Spicejet,2019-03-21,Delhi,Cochin,08:45:00,13:15:00,270,1.0,No Info,6460
Jet Airways,2019-03-21,Banglore,New Delhi,14:05:00,10:25:00,1220,1.0,In-flight meal not included,7832
Air India,2019-05-18,Kolkata,Banglore,07:00:00,01:20:00,1100,2.0,No Info,13873
Air India,2019-05-27,Delhi,Cochin,22:00:00,19:15:00,1275,2.0,No Info,10231
Jet Airways,2019-06-06,Kolkata,Banglore,14:05:00,23:35:00,570,1.0,In-flight meal not included,10844
Jet Airways,2019-06-09,Delhi,Cochin,11:30:00,19:00:00,450,1.0,In-flight meal not included,10262
Indigo,2019-06-27,Banglore,Delhi,23:30:00,02:20:00,170,0.0,No Info,3943
Multiple Carriers,2019-06-06,Delhi,Cochin,07:00:00,19:00:00,720,1.0,No Info,12192
Spicejet,2019-05-15,Delhi,Cochin,15:45:00,22:05:00,380,1.0,No Info,7947
Indigo,2019-06-15,Mumbai,Hyderabad,19:05:00,20:35:00,90,0.0,No Info,2754
Jet Airways,2019-03-21,Banglore,New Delhi,08:00:00,20:20:00,740,1.0,In-flight meal not included,7832
Multiple Carriers,2019-06-03,Delhi,Cochin,11:25:00,19:15:00,470,1.0,No Info,7354
Indigo,2019-05-27,Chennai,Kolkata,14:45:00,17:05:00,140,0.0,No Info,3597
Indigo,2019-06-09,Delhi,Cochin,06:50:00,22:30:00,940,1.0,No Info,6442
Multiple Carriers,2019-06-06,Delhi,Cochin,06:00:00,21:00:00,900,1.0,No Info,7005
Indigo,2019-03-24,Banglore,New Delhi,04:00:00,06:50:00,170,0.0,No Info,4777
Air India,2019-03-09,Banglore,New Delhi,05:50:00,22:45:00,1015,1.0,No Info,10657
Indigo,2019-03-21,Delhi,Cochin,09:10:00,15:30:00,380,1.0,No Info,9709
Multiple Carriers,2019-05-18,Delhi,Cochin,06:00:00,19:15:00,795,1.0,No Info,8476
Air India,2019-04-24,Banglore,Delhi,06:10:00,08:55:00,165,0.0,No Info,5228
Jet Airways,2019-06-15,Delhi,Cochin,21:50:00,12:35:00,885,1.0,In-flight meal not included,10262
Jet Airways,2019-05-09,Kolkata,Banglore,16:30:00,18:15:00,1545,1.0,In-flight meal not included,8586
